image_filename,timestamp_ns,timestamp_sec,latitude,longitude,altitude,orientation_x,orientation_y,orientation_z,orientation_w,angular_velocity_x,angular_velocity_y,angular_velocity_z,linear_acceleration_x,linear_acceleration_y,linear_acceleration_z,vehicle_speed_mps,vehicle_speed_mph,wheel_speed_fl_rads,wheel_speed_fr_rads,wheel_speed_rl_rads,wheel_speed_rr_rads,wheel_speed_fl_mph,wheel_speed_fr_mph,wheel_speed_rl_mph,wheel_speed_rr_mph,avg_wheel_speed_mph,wheel_slip,steering_angle_deg,throttle_pedal,brake_pedal,brake_torque_actual,abs_active,esc_active,trac_active,marwis_road_condition,marwis_friction,marwis_surface_temp_c,marwis_ice_percent,marwis_water_film_height
arenacam6_1769711832292708189.png,1769711832292708189,1769711832.2927082,42.30130188368389,-83.69746604920037,239.61712646484375,0.713814648892996,0.7002440031837872,0.007032269196176838,0.008805124693368593,7.000000000000002e-05,0.00037000000000000005,-0.0007400000000000001,0.18680000000000002,0.2842,-9.847800000000001,0.3272741647318342,0.7320926700552292,0.8399999737739563,0.8199999928474426,0.8199999928474426,0.7999999523162842,0.6820877235042107,0.6658475545920575,0.6658475545920575,0.6496073372803831,0.6658475424921771,0.0,-1.100000023841858,0.0,0.0,0.0,0.0,0.0,0.0,,,,,
arenacam6_1769711832539372779.png,1769711832539372779,1769711832.5393727,42.30130263517031,-83.69746603693632,239.6194305419922,0.713853550576694,0.7002084345670756,0.006983374818186365,0.008514045238392125,0.0036200000000000004,-0.0030700000000000002,0.00029,0.1502,0.23370000000000002,-9.882,0.36388154263820277,0.8139811779891014,0.9399999976158142,0.9399999976158142,0.9399999976158142,0.9599999785423279,0.7632886648640191,0.7632886648640191,0.7632886648640191,0.7795288337761724,0.7673487070920575,0.0,-0.20000000298023224,4.474999904632568,0.0,0.0,0.0,0.0,0.0,,,,,
arenacam6_1769711833098139872.png,1769711833098139872,1769711833.09814,42.30130543999871,-83.69746599650158,239.6252899169922,0.7140569201218012,0.7000104844361242,0.007679878978959662,0.00700399632631517,0.008790000000000001,-0.006060000000000001,-0.00034,1.1503,0.5607,-9.7384,0.895180796410778,2.002465730723126,2.2699999809265137,2.2300000190734863,2.259999990463257,2.299999952316284,1.8432609139121532,1.810780576087847,1.8351408294560767,1.867621167280383,1.839200871684115,0.08153191164977043,0.10000000149011612,16.325000762939453,0.0,0.0,0.0,0.0,0.0,,,,,
arenacam6_1769711834091368605.png,1769711834091368605,1769711834.0913687,42.301319675842606,-83.69746594385008,239.6725311279297,0.7153491683398966,0.6986947239779744,0.007264528932895024,0.006962518232894469,-0.034080000000000006,0.016270000000000003,0.014040000000000002,1.5716,0.8683000000000001,-9.6045,2.2726168634089334,5.08370756643398,6.329999923706055,6.339999675750732,6.489999771118164,6.5,5.140018300648613,5.148138191506605,5.2699396519458395,5.2780599299999995,5.209039018525264,0.024653552639181144,0.4000000059604645,21.524999618530273,0.0,0.0,0.0,0.0,0.0,,,,,
arenacam6_1769711834670745051.png,1769711834670745051,1769711834.6707451,42.30133308347722,-83.69746584792348,239.71697998046875,0.7163508184315361,0.6976624590798649,0.006756276246784114,0.007934157446208168,-0.014010000000000002,-0.0026600000000000005,0.0029500000000000004,1.34,0.058800000000000005,-9.857000000000001,3.0584219744952206,6.841506451627339,8.550000190734863,8.550000190734863,8.399999618530273,8.630000114440918,6.9426789858784685,6.9426789858784685,6.820877138243064,7.00763966152708,6.92846869288177,0.012710978476640366,4.700000286102295,22.80000114440918,0.0,0.0,0.0,0.0,0.0,,,,,
arenacam6_1769711835458195824.png,1769711835458195824,1769711835.4581957,42.301358319183635,-83.69746525644184,239.77963256835938,0.716510631131827,0.6975133937500427,0.006684488129055314,0.00654970478885984,-0.003910000000000001,0.026900000000000004,-0.00812,0.7633000000000001,0.43060000000000004,-9.6084,3.951571438557658,8.83942821376717,11.130000114440918,11.199999809265137,11.130000114440918,11.119999885559082,9.037662711527082,9.094503109121534,9.037662711527082,9.029542433472919,9.049842741412155,0.023804088065025594,5.0,22.325000762939453,0.0,0.0,0.0,0.0,0.0,,,,,
arenacam6_1769711835562210163.png,1769711835562210163,1769711835.56221,42.301361907887156,-83.69746518933891,239.78485107421875,0.7163717318283613,0.6976546406755385,0.007489364623331743,0.005783908596991601,0.007280000000000001,0.018850000000000002,-0.009910000000000002,1.0208000000000002,0.49460000000000004,-10.4916,4.047944093368935,9.055008060220706,11.519999504089355,11.489999771118164,11.359999656677246,11.40999984741211,9.354345811715985,9.329985751945838,9.224424460418758,9.265025076297226,9.293445275094452,0.02633208201340187,4.700000286102295,22.450000762939453,0.0,0.0,0.0,0.0,0.0,,,,,
arenacam6_1769711835953764341.png,1769711835953764341,1769711835.9537644,42.30137705312833,-83.69746482265508,239.83523559570312,0.7162100458456033,0.697838606976167,0.006345826496809876,0.004917248160693024,0.007420000000000001,0.0034800000000000005,0.00058,1.1999,-0.5047,-9.132900000000001,4.382036935907043,9.802353703407901,12.399999618530273,12.34999942779541,12.300000190734863,12.289999961853027,10.068914018243065,10.028313402364597,9.987713560878468,9.979593282824307,10.01613356607761,0.021809033742108866,0.6000000238418579,22.5,0.0,0.0,0.0,0.0,0.0,,,,,
arenacam6_1769711835974381907.png,1769711835974381907,1769711835.974382,42.301377844581346,-83.69746481424146,239.83694458007812,0.7162561303806242,0.6977916866806686,0.006306662101211719,0.004913624391736528,0.004510000000000001,-0.0006600000000000001,0.0011200000000000003,0.8639,0.34800000000000003,-9.088700000000001,4.401334743646396,9.845521741452371,12.460000038146973,12.369999885559082,12.420000076293945,12.329999923706055,10.117634912175694,10.04455395847292,10.085154574351387,10.012073620648613,10.064854266412153,0.022277389733073395,0.6000000238418579,22.524999618530273,0.0,0.0,0.0,0.0,0.0,,,,,
arenacam6_1769711836533100104.png,1769711836533100104,1769711836.5331001,42.301401057044075,-83.69746431544928,239.90518188476562,0.7174574496356124,0.6965574883957988,0.003603293399324247,0.007034884418214583,-0.020010000000000003,-0.032560000000000006,0.00974,0.049100000000000005,0.055900000000000005,-9.2621,4.7610361232854945,10.650152145622254,13.359999656677246,13.299999237060547,13.289999961853027,13.289999961853027,10.848442900418759,10.799722006486132,10.791602502824306,10.791602502824306,10.807842478138374,0.01480639246838729,0.699999988079071,17.225000381469727,0.0,0.0,0.0,0.0,0.0,,,,,
arenacam6_1769711836866318433.png,1769711836866318433,1769711836.8663182,42.30141487060794,-83.6974639609823,239.9334259033203,0.7181165277915382,0.6958898260689357,0.0033223670968925375,0.005913067160482909,0.013430000000000003,-0.007450000000000001,0.0008400000000000001,0.5005000000000001,-0.5101,-9.9061,4.849107407268525,10.847162323615255,13.670000076293945,13.65999984741211,13.59999942779541,13.59000015258789,11.100166099351387,11.092045821297226,11.043324927364598,11.035205423702774,11.067685567928997,0.020330040035783693,2.4000000953674316,17.05000114440918,0.0,0.0,0.0,0.0,0.0,,,,,
arenacam6_1769711837153916357.png,1769711837153916357,1769711837.1539164,42.301427999399074,-83.6974635989104,239.96156311035156,0.7184586887888659,0.6955450434884165,0.004053212659569185,0.004216212710053769,-0.00954,0.04030000000000001,-0.00192,0.2886,-0.0071,-9.9937,4.886239284300113,10.930224104622296,13.6899995803833,13.809999465942383,13.799999237060547,13.809999465942383,11.11640588106737,11.213846894540291,11.20572661648613,11.213846894540291,11.18745657165852,0.023534052419606252,4.0,17.17500114440918,0.0,0.0,0.0,0.0,0.0,,,,,
arenacam6_1769711838498862565.png,1769711838498862565,1769711838.4988625,42.301488038198165,-83.6974621620412,240.12628173828125,0.7175649130960555,0.696464685165694,0.0032722396941734537,0.005179793228028738,0.016110000000000003,-0.009170000000000001,-0.004350000000000001,0.2165,0.009600000000000001,-9.6819,5.065948540775787,11.33222292880299,14.139999389648438,14.149999618530273,14.210000038146973,14.179999351501465,11.481809875188905,11.489930153243066,11.538651047175694,11.51429021301321,11.506170322155219,0.01534980333912324,4.0,15.77500057220459,0.0,0.0,0.0,0.0,0.0,,,,,
arenacam6_1769711838519630096.png,1769711838519630096,1769711838.5196302,42.30148895082191,-83.6974621394193,240.1287078857422,0.717560160335478,0.6964708592793193,0.003100008016659717,0.0051135530061395314,0.01872,-0.0037600000000000008,0.00046000000000000007,0.0942,0.1433,-9.5436,5.0686069085081655,11.338169537918256,14.1899995803833,14.170000076293945,14.210000038146973,14.25,11.522410491067372,11.506170709351387,11.538651047175694,11.571131385000001,11.534590908148614,0.017323904848438293,4.0,15.675000190734863,0.0,0.0,0.0,0.0,0.0,,,,,
arenacam6_1769711840361169218.png,1769711840361169218,1769711840.361169,42.30157472326823,-83.69746077243873,240.36917114257812,0.7166464065504721,0.697399594950144,0.004689584324491173,0.005453507177432572,-0.021080000000000005,-0.0025200000000000005,-0.0014700000000000002,0.0044,0.335,-9.973,5.253590527843104,11.751966795353354,14.710000038146973,14.739999771118164,14.699999809265137,14.739999771118164,11.944655657175694,11.96901571694584,11.936535379121532,11.96901571694584,11.954805617547226,0.017259989389526952,-2.299999952316284,14.350000381469727,0.0,0.0,0.0,0.0,0.0,,,,,
arenacam6_1769711840423426077.png,1769711840423426077,1769711840.4234262,42.301577570677665,-83.6974607419554,240.3770294189453,0.7166640821443938,0.6973729957283115,0.004911187635668876,0.006275223427176296,-0.019490000000000004,-0.018280000000000005,-0.00021000000000000004,0.3206,0.497,-9.9612,5.268547097921927,11.785423745225478,14.489999771118164,14.6899995803833,14.739999771118164,14.75999927520752,11.76601341194584,11.928415101067372,11.96901571694584,11.985255498661825,11.91217493215522,0.010754911292951419,-3.799999952316284,14.699999809265137,0.0,0.0,0.0,0.0,0.0,,,,,
arenacam6_1769711841313243895.png,1769711841313243895,1769711841.3132439,42.301620597341184,-83.69745996577349,240.5079803466797,0.7193746133325313,0.6945755031217056,0.004365770273054959,0.006780575626278021,-0.009580000000000002,0.00897,0.006840000000000001,0.0089,0.6526000000000001,-9.0617,5.346059716349488,11.958814821890824,15.00999927520752,14.969999313354492,15.069999694824219,15.079999923706055,12.188257803661823,12.155777465837517,12.236978697594452,12.245098975648615,12.206528235685603,0.020713876540786897,-2.200000047683716,16.024999618530273,0.0,0.0,0.0,0.0,0.0,,,,,
arenacam6_1769711841519854604.png,1769711841519854604,1769711841.5198545,42.301630264236834,-83.69745975541899,240.5283660888672,0.7196390829659112,0.6942958868307495,0.006087656435250243,0.005979317436955465,0.0025800000000000003,0.011160000000000002,0.00272,0.4234,0.5844,-10.022300000000001,5.382813876646779,12.041031673226247,15.059999465942383,15.089999198913574,15.109999656677246,15.079999923706055,12.228858419540291,12.253218479310437,12.269459035418759,12.245098975648615,12.249158727479525,0.017284819100348185,-2.0,15.449999809265137,0.0,0.0,0.0,0.0,0.0,,,,,
arenacam6_1769711842823617568.png,1769711842823617568,1769711842.8236175,42.30169391229068,-83.6974579357382,240.72232055664062,0.7209700782255549,0.6929124167108827,0.0061718025730778565,0.006036383380815192,-0.0029500000000000004,-0.0034800000000000005,0.0023000000000000004,0.1547,0.2383,-9.3794,5.483241279352596,12.265681747434996,15.299999237060547,15.339999198913574,15.389999389648438,15.339999198913574,12.42374044648613,12.456220784310437,12.496821400188903,12.456220784310437,12.458250853823978,0.015699829031456156,-1.0,15.074999809265137,0.0,0.0,0.0,0.0,0.0,,,,,
arenacam6_1769711843196075986.png,1769711843196075986,1769711843.196076,42.30171269901635,-83.69745725586706,240.77757263183594,0.7211406825853475,0.6927462801165069,0.004692532202863274,0.006057016312229091,-0.0008500000000000001,-0.01821,0.0022500000000000003,0.035300000000000005,-0.1394,-10.033000000000001,5.509337146285558,12.324056636012017,15.339999198913574,15.369999885559082,15.40999984741211,15.469999313354492,12.456220784310437,12.480581618472918,12.513061956297227,12.561782075837517,12.502911608729526,0.014512670462328042,-0.30000001192092896,14.699999809265137,0.0,0.0,0.0,0.0,0.0,,,,,
arenacam6_1769711843920544195.png,1769711843920544195,1769711843.9205441,42.30174820829546,-83.69745608589606,240.86851501464844,0.7202696351056591,0.6936614517406432,0.004212911361511587,0.005262555622917034,-0.0013300000000000002,0.021330000000000005,-0.008320000000000001,-0.3758,0.3,-9.3832,5.3784112943719355,12.031183360832358,15.0,15.019999504089355,15.089999198913574,15.15999984741211,12.180138300000001,12.196378081715984,12.253218479310437,12.310059651297227,12.234948628080911,0.016936427709340108,-0.30000001192092896,6.900000095367432,0.0,0.0,0.0,0.0,0.0,,,,,
arenacam6_1769711843940925711.png,1769711843940925711,1769711843.9409256,42.30174917907974,-83.69745605597716,240.87063598632812,0.7202090155822042,0.6937249368530851,0.004312814578633182,0.0051073958830179685,0.0069900000000000006,0.017390000000000003,-0.00892,-0.39440000000000003,0.3235,-9.986500000000001,5.372279719450229,12.017467395626996,15.049999237060547,14.929999351501465,15.089999198913574,15.109999656677246,12.22073814148613,12.123297128013212,12.253218479310437,12.269459035418759,12.216678196057135,0.01657677061829427,-0.30000001192092896,7.025000095367432,0.0,0.0,0.0,0.0,0.0,,,,,
arenacam6_1769711844294631304.png,1769711844294631304,1769711844.2946315,42.30176637155499,-83.69745560851229,240.92208862304688,0.7181471732372676,0.6958580726954542,0.004863490687974579,0.004746229473797924,-0.012010000000000002,0.017560000000000003,-0.01759,-0.0893,0.5117,-9.376800000000001,5.222267975061833,11.681900124134817,14.649999618530273,14.639999389648438,14.679999351501465,14.769999504089355,11.895934763243066,11.887814485188905,11.92029482301321,11.993375776715984,11.924354962040292,0.020754743263432227,-0.4000000059604645,11.574999809265137,0.0,0.0,0.0,0.0,0.0,,,,,
arenacam6_1769711844499736452.png,1769711844499736452,1769711844.4997365,42.301775774069526,-83.69745549759584,240.94754028320312,0.7183733407767396,0.6956039715173689,0.0061561398455732335,0.006079474708516238,-0.027570000000000004,-0.008270000000000001,0.019390000000000004,0.2676,0.251,-9.642100000000001,5.2106645972463825,11.655944064164323,14.559999465942383,14.549999237060547,14.589999198913574,14.50999927520752,11.822853809540293,11.81473353148613,11.847213869310437,11.782253193661825,11.816763600999671,0.01379721247374378,-1.3000000715255737,11.90000057220459,0.0,0.0,0.0,0.0,0.0,,,,,
arenacam6_1769711844582668791.png,1769711844582668791,1769711844.5826688,42.301779522255636,-83.69745545418019,240.95823669433594,0.7190993233904973,0.6948429286030957,0.0062988949808176625,0.007056315725821254,-0.00834,-0.01566,0.027920000000000004,-0.31930000000000003,0.43670000000000003,-10.2424,5.1906126199718,11.611088994119719,14.359999656677246,14.40999984741211,14.569999694824219,14.469999313354492,11.66045212041876,11.701052736297227,11.830974087594452,11.749772855837517,11.73556295003699,0.010720265427326318,-2.1000001430511475,11.925000190734863,0.0,0.0,0.0,0.0,0.0,,,,,
arenacam6_1769711844749687933.png,1769711844749687933,1769711844.749688,42.30178695910147,-83.69745531571274,240.98095703125,0.720444602112106,0.6934502527150342,0.006196059127998545,0.006923232501281831,-0.0029000000000000007,0.00888,0.019270000000000002,-0.1384,0.2894,-10.2279,5.127139960112127,11.469104462373222,14.289999961853027,14.309999465942383,14.50999927520752,14.399999618530273,11.603611722824308,11.619851504540291,11.782253193661825,11.692932458243066,11.674662219817371,0.017922738267710774,-2.0,11.90000057220459,0.0,0.0,0.0,0.0,0.0,,,,,
arenacam6_1769711844874192188.png,1769711844874192188,1769711844.8741922,42.30179342969462,-83.69745518297181,241.0047149658203,0.720986147577529,0.6928815503665698,0.005784462492771319,0.0077892333770428245,-0.0034900000000000005,-0.041280000000000004,0.004570000000000001,0.054400000000000004,-0.08510000000000001,-9.7908,5.1287426588403,11.47268960326622,14.059999465942383,14.179999351501465,14.279999732971191,14.289999961853027,11.416849199540291,11.51429021301321,11.595491444770145,11.603611722824308,11.532560645036988,0.005218570696249162,-2.0,12.100000381469727,0.0,0.0,0.0,0.0,0.0,,,,,
arenacam6_1769711845079069571.png,1769711845079069571,1769711845.0790696,42.301802611508684,-83.69745494035892,241.0240020751953,0.7195589647115399,0.694341613285388,0.006602698480223096,0.009001374132909579,-0.0017900000000000004,0.04172,-0.03744,0.2746,0.26030000000000003,-10.0225,5.055788950916595,11.309496535863369,13.960000038146973,14.389999389648438,14.170000076293945,14.319999694824219,11.335648742175692,11.684812180188905,11.506170709351387,11.627971782594452,11.53865085357761,0.020262114850786894,0.6000000238418579,12.65000057220459,0.0,0.0,0.0,0.0,0.0,,,,,
arenacam6_1769711846198602689.png,1769711846198602689,1769711846.1986027,42.301852997121905,-83.69745468231503,241.1558837890625,0.7131661065305827,0.7008039519064699,0.01128132875841073,0.011859895013390466,0.016260000000000004,-0.016890000000000002,0.0017600000000000003,0.1721,0.08370000000000001,-9.9562,4.97759476980009,11.134580844356615,13.84999942779541,13.84999942779541,13.969999313354492,13.929999351501465,11.246327232364598,11.246327232364598,11.343768245837518,11.311287908013211,11.286927654644982,0.013682312106574014,-2.299999952316284,13.925000190734863,0.0,0.0,0.0,0.0,0.0,,,,,
arenacam6_1769711848805623628.png,1769711848805623628,1769711848.8056235,42.301973445181666,-83.69745244687577,241.5160675048828,0.7278620024609395,0.6854786890845203,0.012646065276965907,0.013264585086991158,-0.0015,-0.046680000000000006,0.008960000000000003,-0.3453,0.6937,-10.3269,5.3316847017864815,11.926658776814252,14.869999885559082,14.839999198913574,14.84999942779541,14.899999618530273,12.07457700847292,12.050216174310437,12.058336452364598,12.098937068243064,12.070516675847756,0.012061877657904313,-5.300000190734863,13.225000381469727,0.0,0.0,0.0,0.0,0.0,,,,,
arenacam6_1769711849652151485.png,1769711849652151485,1769711849.6521516,42.302014991672294,-83.69744970615145,241.65855407714844,0.7355049316762345,0.6773877900875566,0.006066646958045843,0.011894247135514601,-0.0030800000000000003,-0.012230000000000001,0.028860000000000004,-0.17070000000000002,0.49360000000000004,-8.9711,5.408788273638586,12.099134840833099,15.15999984741211,14.989999771118164,15.329999923706055,15.089999198913574,12.310059651297227,12.172018021945838,12.448101280648613,12.253218479310437,12.29584935830053,0.01625856063720716,-12.5,12.574999809265137,0.0,0.0,0.0,0.0,0.0,,,,,
arenacam6_1769711850334848167.png,1769711850334848167,1769711850.3348482,42.30204823548199,-83.69744611800895,241.73724365234375,0.7423295039751677,0.6699482646325503,0.006588274974214423,0.008533749274516046,0.010560000000000002,0.018020000000000005,0.03461,0.10990000000000001,0.27090000000000003,-9.8847,5.454009546519071,12.200292114990372,15.299999237060547,15.170000076293945,15.319999694824219,15.1899995803833,12.42374044648613,12.318179929351386,12.439981002594452,12.33441971106737,12.379080272374834,0.014654416115560603,-15.40000057220459,11.0,0.0,0.0,0.0,0.0,0.0,,,,,
arenacam6_1769711850543632113.png,1769711850543632113,1769711850.543632,42.30205803774934,-83.69744483830637,241.761962890625,0.7448090365837441,0.6672073741973709,0.005972035050094766,0.007625853211624808,0.013410000000000002,-0.0038300000000000005,0.034170000000000006,0.312,0.1391,-9.442300000000001,5.476569216412344,12.250756742961428,15.339999198913574,15.239999771118164,15.380000114440918,15.1899995803833,12.456220784310437,12.375020326945839,12.48870189652708,12.33441971106737,12.413590679712682,0.01329174516870628,-15.5,11.350000381469727,0.0,0.0,0.0,0.0,0.0,,,,,
arenacam6_1769711850831618772.png,1769711850831618772,1769711850.8316188,42.30207175889301,-83.6974429457969,241.7980194091797,0.7490924190960415,0.6623994797225229,0.004764234488335671,0.008048539365122028,0.017900000000000003,-0.040560000000000006,0.05322000000000001,0.388,0.7672,-9.8542,5.503165135225297,12.310250217590877,15.449999809265137,15.039999961853027,15.389999389648438,15.170000076293945,12.545542294121534,12.212618637824306,12.496821400188903,12.318179929351386,12.393290565371533,0.006745626312452593,-28.5,11.5,0.0,0.0,0.0,0.0,0.0,,,,,
arenacam6_1769711851369430196.png,1769711851369430196,1769711851.3694303,42.302098117270496,-83.69743846510781,241.86553955078125,0.762404062120653,0.6470303086864688,0.004913096529655614,0.00822722222322051,-0.03996,0.029980000000000003,0.07837000000000001,-0.20270000000000002,0.7041000000000001,-9.6037,5.46975120291029,12.235505255838145,15.4399995803833,15.289999961853027,15.529999732971191,15.299999237060547,12.53742201606737,12.415620942824306,12.610502969770145,12.42374044648613,12.496821593786988,0.021357216762598052,-30.30000114440918,12.600000381469727,0.0,0.0,0.0,0.0,0.0,,,,,
arenacam6_1769711851783435628.png,1769711851783435628,1769711851.7834356,42.30211849868644,-83.69743409639777,241.91412353515625,0.771206866712593,0.6365073400424903,0.008525092164255026,0.005069281109750956,0.03526000000000001,-0.01081,0.06719000000000001,0.9109,1.2087,-11.1441,5.501594788851012,12.306737446972383,15.50999927520752,15.179999351501465,15.589999198913574,15.170000076293945,12.594262413661824,12.326299433013212,12.659223089310435,12.318179929351386,12.474491216334215,0.013631051290779092,-29.30000114440918,12.75,0.0,0.0,0.0,0.0,0.0,,,,,
arenacam6_1769711853045620318.png,1769711853045620318,1769711853.0456202,42.30217837544204,-83.69741613093252,242.1402130126953,0.8015774236162774,0.5978567913536574,0.005744416669056636,0.0028093875013078863,0.033600000000000005,0.01734,0.05081000000000001,-0.0555,1.7794,-10.0898,5.290868907394233,11.835356293706457,14.929999351501465,14.6899995803833,15.00999927520752,14.789999961853027,12.123297128013212,11.928415101067372,12.188257803661823,12.009616332824306,12.062396591391678,0.019183224573133595,-45.10000228881836,14.125,0.0,0.0,0.0,0.0,0.0,,,,,
arenacam6_1769711853233804197.png,1769711853233804197,1769711853.2338042,42.30218751093988,-83.69741262642286,242.17257690429688,0.80460361576089,0.5937916367816741,0.004228814872236334,0.0025750179454559884,-0.0037600000000000008,-0.022330000000000003,0.06773000000000001,-0.2847,0.782,-9.492,5.258172294388034,11.76221593220837,14.670000076293945,14.479999542236328,14.859999656677246,14.559999465942383,11.912175319351388,11.757893133891677,12.066456730418759,11.822853809540293,11.88984474830053,0.01085074588221714,-47.0,14.875,0.0,0.0,0.0,0.0,0.0,,,,,
arenacam6_1769711853521584023.png,1769711853521584023,1769711853.521584,42.30220011414133,-83.69740763704023,242.21612548828125,0.8101014229294933,0.5862739261286469,0.0037019472900150655,0.002205378782445464,0.009400000000000002,-0.006350000000000001,0.06644000000000001,-0.1292,0.7461,-9.855500000000001,5.194865063873707,11.620601455981651,14.589999198913574,14.380000114440918,14.65999984741211,14.40999984741211,11.847213869310437,11.67669267652708,11.904055041297227,11.701052736297227,11.782253580857994,0.013910822558425545,-55.900001525878906,16.075000762939453,0.0,0.0,0.0,0.0,0.0,,,,,
arenacam6_1769711853750107878.png,1769711853750107878,1769711853.750108,42.30220986639659,-83.69740350840938,242.2467498779297,0.8146178380752829,0.5799956291846896,0.0015824577629048008,0.0005863818179477507,0.033830000000000006,-0.007150000000000001,0.07192000000000001,-0.1701,0.3901,-10.276100000000001,5.141800732476878,11.501899730506828,14.389999389648438,14.309999465942383,14.670000076293945,14.229999542236328,11.684812180188905,11.619851504540291,11.912175319351388,11.554890828891677,11.692932458243066,0.016608797869238558,-57.29999923706055,16.399999618530273,0.0,0.0,0.0,0.0,0.0,,,,,
arenacam6_1769711854080207749.png,1769711854080207749,1769711854.0802078,42.30222473798955,-83.6973968838988,242.29833984375,0.8232250055901549,0.5677057003848046,0.0023910813068394885,0.0022606750920396066,-0.006080000000000001,0.006850000000000001,0.11197000000000001,0.234,0.6523,-8.969000000000001,5.103865383796618,11.417040631630009,14.559999465942383,14.069999694824219,14.539999961853027,14.199999809265137,11.822853809540293,11.424969477594452,11.806614027824308,11.530530769121533,11.646242021020146,0.02007537651702433,-57.900001525878906,16.625,0.0,0.0,0.0,0.0,0.0,,,,,
arenacam6_1769711854350734771.png,1769711854350734771,1769711854.350735,42.302235903026286,-83.69739129145161,242.33216857910156,0.8308935886699054,0.5564258394908649,0.0016775184600026384,-0.0018208201308027058,0.011360000000000002,0.009520000000000002,0.09936000000000002,-0.47750000000000004,0.6921,-9.864600000000001,5.074277304265458,11.350853873003574,14.289999961853027,14.09999942779541,14.559999465942383,14.109999656677246,11.603611722824308,11.449329537364598,11.822853809540293,11.457449815418759,11.58331122128699,0.02047928295828774,-51.0,16.42500114440918,0.0,0.0,0.0,0.0,0.0,,,,,
arenacam6_1769711854474993051.png,1769711854474993051,1769711854.4749932,42.30224185391583,-83.69738812328161,242.3550567626953,0.8339160374968926,0.5518851386958706,0.0023308385792731195,-0.0011846027344068642,-0.018230000000000003,0.00151,0.09173000000000002,0.0553,0.5555,-9.908900000000001,5.0636853083035955,11.327160213556645,14.15999984741211,13.979999542236328,14.469999313354492,14.019999504089355,11.498050431297225,11.351888523891677,11.749772855837517,11.384368861715986,11.496020168185602,0.014907527698501215,-41.20000076293945,16.649999618530273,0.0,0.0,0.0,0.0,0.0,,,,,
arenacam6_1769711854991522977.png,1769711854991522977,1769711854.991523,42.30226271841676,-83.69737629966036,242.43882751464844,0.8430605260684483,0.5378108463115331,-0.001727643026370194,0.0023362843228482122,-0.04913000000000001,-0.012660000000000001,0.057420000000000006,-0.0577,-0.7786000000000001,-8.458400000000001,4.978372116953686,11.13631972329838,13.829999923706055,13.769999504089355,14.210000038146973,13.869999885559082,11.230087450648613,11.181366556715986,11.538651047175694,11.26256778847292,11.303168210753302,0.01498237223791784,-34.900001525878906,17.55000114440918,0.0,0.0,0.0,0.0,0.0,,,,,
arenacam6_1769711855363531132.png,1769711855363531132,1769711855.363531,42.302278246168335,-83.69736686683162,242.47457885742188,0.8487830845430541,0.5287120940848089,0.001133647569550659,0.005432476895758793,0.042390000000000004,-0.01835,0.04205000000000001,0.2373,0.5982000000000001,-10.6133,4.9710362747847325,11.11990988451696,13.880000114440918,13.949999809265137,14.029999732971191,14.0,11.27068806652708,11.327528464121533,11.392489139770145,11.368129080000001,11.339708687604691,0.01976623959819782,-34.0,18.325000762939453,0.0,0.0,0.0,0.0,0.0,,,,,
arenacam6_1769711856025284124.png,1769711856025284124,1769711856.025284,42.302304846909706,-83.69734923904137,242.5505828857422,0.8590839790794516,0.5118256050233414,-0.0005487699222895199,0.0029942917492324582,0.030430000000000006,-0.00651,0.05543000000000001,0.07730000000000001,0.0886,-9.5904,4.990485592076262,11.163416840339075,14.139999389648438,13.84999942779541,14.219999313354492,13.889999389648438,11.481809875188905,11.246327232364598,11.546770550837518,11.278807570188903,11.38842880714498,0.020156191426340262,-36.29999923706055,18.875,0.0,0.0,0.0,0.0,0.0,,,,,
arenacam6_1769711856192078969.png,1769711856192078969,1769711856.1920788,42.30231119827573,-83.69734467892026,242.56875610351562,0.8617461443343445,0.5073348395137967,-0.0011802127669242359,0.0018842606577004464,0.03847000000000001,-0.00803,0.06001000000000001,0.1882,-0.2023,-9.2974,4.991586485172504,11.165879472141782,13.969999313354492,14.039999961853027,14.059999465942383,13.960000038146973,11.343768245837518,11.400609417824308,11.416849199540291,11.335648742175692,11.374218901344452,0.018658577653687294,-35.20000076293945,18.875,0.0,0.0,0.0,0.0,0.0,,,,,
arenacam6_1769711857247996408.png,1769711857247996408,1769711857.2479963,42.3023526350026,-83.69731217281868,242.66700744628906,0.8802591021296373,0.4744547470785015,-0.005986948121348368,0.0008732381075357249,0.03946,0.024880000000000006,0.08165000000000001,-0.25470000000000004,-0.0027,-9.3908,5.14556317775532,11.510316094847987,14.6899995803833,14.50999927520752,14.809999465942383,14.1899995803833,11.928415101067372,11.782253193661825,12.025856114540291,11.522410491067372,11.814733725084213,0.026447373619260025,-38.0,17.200000762939453,0.0,0.0,0.0,0.0,0.0,,,,,
arenacam6_1769711858611827918.png,1769711858611827918,1769711858.6118279,42.30240586274553,-83.69726166935297,242.793701171875,0.9023858599742283,0.43089928997516014,-0.004550263495605663,-0.002203796632185939,0.038590000000000006,-0.00025000000000000006,0.07629000000000001,-0.5708,0.20400000000000001,-9.5759,5.26722700622353,11.782470779301665,14.549999237060547,14.539999961853027,15.109999656677246,14.619999885559082,11.81473353148613,11.806614027824308,12.269459035418759,11.87157470347292,11.940595324550529,0.013420321442820132,-46.29999923706055,9.5,0.0,0.0,0.0,0.0,0.0,,,,,
arenacam6_1769711858715379149.png,1769711858715379149,1769711858.7153792,42.30241030094985,-83.69725690141424,242.8050537109375,0.9042014955595463,0.42707260530807856,-0.0046864394707571986,-0.002585054803482389,0.00072,0.013760000000000003,0.09109000000000002,-0.38320000000000004,0.5291,-10.021700000000001,5.246339989520386,11.735747776157734,14.619999885559082,14.420000076293945,14.84999942779541,14.40999984741211,11.87157470347292,11.709173014351387,12.058336452364598,11.701052736297227,11.835034226621534,0.008460172488157114,-47.60000228881836,10.074999809265137,0.0,0.0,0.0,0.0,0.0,,,,,
arenacam6_1769711858883196882.png,1769711858883196882,1769711858.8831968,42.302416141061556,-83.69725055754947,242.8186492919922,0.9076817304923595,0.4196296735585029,-0.003831131242500679,-0.0031836508889194195,-0.030820000000000004,-0.015100000000000002,0.09463,0.3155,0.9842000000000001,-9.4898,5.2129064445290805,11.660958942024882,14.34000015258789,14.299999237060547,14.739999771118164,14.359999656677246,11.644212338702776,11.61173122648613,11.96901571694584,11.66045212041876,11.721352850638377,0.005179154554420192,-50.20000076293945,11.350000381469727,0.0,0.0,0.0,0.0,0.0,,,,,
arenacam6_1769711859006763443.png,1769711859006763443,1769711859.0067635,42.30242046536715,-83.69724576357738,242.83377075195312,0.9099998779431288,0.4145839499785668,-0.0040375950227808976,-0.0020170250598528314,-0.02109,-0.005960000000000001,0.09667,0.0709,0.054400000000000004,-10.1281,5.174060717953749,11.57406338241946,14.059999465942383,14.139999389648438,14.679999351501465,14.279999732971191,11.416849199540291,11.481809875188905,11.92029482301321,11.595491444770145,11.603611335628138,0.0025529455155360106,-53.70000076293945,13.800000190734863,0.0,0.0,0.0,0.0,0.0,,,,,
arenacam6_1769711859151022904.png,1769711859151022904,1769711859.151023,42.30242541388606,-83.69724012800722,242.84986877441406,0.9128399961340254,0.40829630015676033,-0.004036060519675333,-0.000991439264203653,0.0022500000000000003,0.00905,0.09282000000000001,-0.6843,0.13670000000000002,-9.0268,5.120658118022239,11.454604970528667,13.979999542236328,14.019999504089355,14.75999927520752,14.1899995803833,11.351888523891677,11.384368861715986,11.985255498661825,11.522410491067372,11.560980843834216,0.009286734337783022,-57.60000228881836,13.75,0.0,0.0,0.0,0.0,0.0,,,,,
arenacam6_1769711859461404194.png,1769711859461404194,1769711859.461404,42.302436306789645,-83.69722705932546,242.88658142089844,0.9192423488402512,0.39366819310572254,-0.004225681513447285,-0.0010007253771497377,-0.03239,0.00423,0.11970000000000001,-1.2426000000000001,0.9440000000000001,-8.4076,5.014039618532488,11.216105784280064,13.949999809265137,13.75999927520752,14.25999927520752,13.779999732971191,11.327528464121533,11.173246278661823,11.579250888661823,11.189486834770145,11.317378116553831,0.00902918840295762,-72.0999984741211,14.199999809265137,0.0,0.0,0.0,0.0,0.0,,,,,
arenacam6_1769711859522455759.png,1769711859522455759,1769711859.5224557,42.30243829488506,-83.69722460982148,242.89230346679688,0.9207473094258702,0.390140981817575,-0.0036859489136601246,-0.0009056887131897679,0.021780000000000004,0.029820000000000006,0.12952000000000002,-1.1724,1.6899000000000002,-9.66,4.9748912425777885,11.12853321617196,13.829999923706055,13.779999732971191,14.170000076293945,13.630000114440918,11.230087450648613,11.189486834770145,11.506170709351387,11.06768576152708,11.248357689074306,0.010767319517743583,-73.70000457763672,14.050000190734863,0.0,0.0,0.0,0.0,0.0,,,,,
arenacam6_1769711859627885006.png,1769711859627885006,1769711859.627885,42.30244155335352,-83.69722050325464,242.90145874023438,0.9234361087153327,0.38373362080312134,-0.0031606085058377294,-0.0020668671663165547,0.01832,0.00846,0.11999000000000001,-0.39490000000000003,0.641,-10.161800000000001,4.94794820008407,11.06826324669606,13.569999694824219,13.519999504089355,14.25,13.59000015258789,11.018964867594454,10.978364251715986,11.571131385000001,11.035205423702774,11.150916482003304,0.007467588497401805,-76.5999984741211,13.949999809265137,0.0,0.0,0.0,0.0,0.0,,,,,
arenacam6_1769711859915422067.png,1769711859915422067,1769711859.915422,42.30245100972058,-83.6972080489507,242.9298553466797,0.9304560465139099,0.36640246051259145,-0.0007569471716872037,0.00045767565245302943,0.022850000000000006,0.004430000000000001,0.13708,-0.11470000000000001,1.0336,-10.4121,4.877057276296145,10.9096845036379,13.829999923706055,13.309999465942383,13.869999885559082,13.369999885559082,11.230087450648613,10.80784228454029,11.26256778847292,10.85656317847292,11.039265175533686,0.011877581964224214,-80.20000457763672,15.52500057220459,0.0,0.0,0.0,0.0,0.0,,,,,
arenacam6_1769711859957033302.png,1769711859957033302,1769711859.9570332,42.3024522254806,-83.69720635933342,242.93545532226562,0.9314274201813624,0.36392580061245694,-0.0009757115619677133,0.0001434218327977543,0.020100000000000003,-0.00817,0.12980000000000003,-0.0529,0.7191000000000001,-9.709800000000001,4.872424973238055,10.899322319635136,13.719999313354492,13.239999771118164,14.09999942779541,13.289999961853027,11.140765940837518,10.751001886945838,11.449329537364598,10.791602502824306,11.033174966993064,0.012280822920228042,-81.4000015258789,15.600000381469727,0.0,0.0,0.0,0.0,0.0,,,,,
arenacam6_1769711860020347096.png,1769711860020347096,1769711860.020347,42.302454034937604,-83.69720380724657,242.94317626953125,0.9330863168331931,0.35965074482646325,-0.0009960767658056327,0.0005243238625641073,-0.022820000000000003,-0.01165,0.13146000000000002,-0.9137000000000001,1.5177,-10.3154,4.855446763509085,10.861343083164014,13.609999656677246,13.319999694824219,13.719999313354492,13.34999942779541,11.051445205418759,10.815962562594452,11.140765940837518,10.840322622364598,10.96212408280383,0.009278870842044895,-83.5999984741211,15.875,0.0,0.0,0.0,0.0,0.0,,,,,
arenacam6_1769711860186263077.png,1769711860186263077,1769711860.186263,42.302458775783585,-83.69719692060418,242.9662628173828,0.9368050963055543,0.34984313177839554,-0.0024321474567187947,0.000281677429301784,-0.017990000000000003,-0.01733,0.14029,-0.21230000000000002,0.3145,-9.233,4.848956668872551,10.846825130867765,13.729999542236328,13.279999732971191,13.769999504089355,13.269999504089355,11.148886218891679,10.783482224770147,11.181366556715986,10.775361946715984,10.97227423677345,0.011565513815529518,-88.5,15.625,0.0,0.0,0.0,0.0,0.0,,,,,
arenacam6_1769711861365524582.png,1769711861365524582,1769711861.3655245,42.3024894455518,-83.69714078884972,243.0937042236328,0.9693820217721362,0.24546097075445278,-0.002346956100194279,0.006472982180656907,-0.03427,0.007510000000000001,0.18189000000000002,0.43960000000000005,1.5596,-9.518600000000001,4.9410627591029925,11.05286092834785,14.25999927520752,13.569999694824219,14.319999694824219,13.519999504089355,11.579250888661823,11.018964867594454,11.627971782594452,10.978364251715986,11.30113794764168,0.022462692772788027,-92.0999984741211,13.65000057220459,0.0,0.0,0.0,0.0,0.0,,,,,
arenacam6_1769711861510091955.png,1769711861510091955,1769711861.510092,42.302492472828106,-83.69713344197702,243.1016845703125,0.9727517786589549,0.23177301669946643,-0.0023940460155881184,0.0054327147489371865,0.04929000000000001,0.017480000000000002,0.19499000000000002,-0.3372,1.6569,-8.9,4.944191817019842,11.059860443164366,14.309999465942383,13.380000114440918,14.399999618530273,13.460000038146973,11.619851504540291,10.86468345652708,11.692932458243066,10.929644132175694,11.276777887871534,0.01961303633277173,-96.9000015258789,12.625,0.0,0.0,0.0,0.0,0.0,,,,,
arenacam6_1769711861674317666.png,1769711861674317666,1769711861.6743176,42.302496143485705,-83.69712385055561,243.10928344726562,0.9764455394778163,0.21571142681124628,-0.001845180826708237,0.004391364782064521,-0.0073300000000000014,-0.016460000000000002,0.20958000000000002,0.30660000000000004,0.7316,-9.904,4.96000961207633,11.095243901638026,14.179999351501465,13.529999732971191,14.309999465942383,13.359999656677246,11.51429021301321,10.986484529770147,11.619851504540291,10.848442900418759,11.242267286935602,0.013251027791815414,-100.5999984741211,13.15000057220459,0.0,0.0,0.0,0.0,0.0,,,,,
arenacam6_1769711862274687436.png,1769711862274687436,1769711862.2746875,42.302506351984,-83.69709087046468,243.1555633544922,0.9883090201282144,0.15221894894966764,-0.007954976669866942,-0.003375005192470323,0.08121,-0.017300000000000003,0.19131,-1.0797,0.6841,-10.0667,4.886322196344439,10.930409573890731,14.15999984741211,13.229999542236328,14.029999732971191,13.199999809265137,11.498050431297225,10.742881608891679,11.392489139770145,10.718521549121533,11.087985682270144,0.014416304102255407,-92.80000305175781,13.725000381469727,0.0,0.0,0.0,0.0,0.0,,,,,
arenacam6_1769711863184829591.png,1769711863184829591,1769711863.1848297,42.302515680961356,-83.69704052647346,243.22125244140625,0.9985697671425722,0.05307924597294028,-0.0036596682509724377,-0.005255532709997824,0.17777000000000004,0.04396000000000001,0.20752,0.3779,0.319,-9.7203,4.70210450524179,10.518325651955571,14.170000076293945,12.5,14.069999694824219,12.799999237060547,11.506170709351387,10.15011525,11.424969477594452,10.39371739648613,10.868743208357992,0.03331495601082397,-128.40000915527344,14.175000190734863,0.0,0.0,0.0,0.0,0.0,,,,,
arenacam6_1769711863370980646.png,1769711863370980646,1769711863.3709805,42.30251635588167,-83.69703028558892,243.23159790039062,0.9993242334184068,0.03417196596030164,-0.003955180529997983,-0.012950281545076254,-0.010010000000000002,-0.018120000000000004,0.18106000000000003,-0.6118,-0.2394,-9.848700000000001,4.726876195940401,10.57373843774692,13.569999694824219,12.699999809265137,13.380000114440918,12.789999961853027,11.018964867594454,10.312516939121533,10.86468345652708,10.385597892824308,10.645440789016844,0.006781173157636955,-121.5999984741211,11.074999809265137,0.0,0.0,0.0,0.0,0.0,,,,,
arenacam6_1769711864447039741.png,1769711864447039741,1769711864.4470398,42.30251626460513,-83.69697155784688,243.33741760253906,0.9977258725538357,-0.06592876281942445,-0.00870120444481345,-0.010989563730956138,0.00619,0.029840000000000002,0.24770000000000003,-0.7314,0.1855,-8.9977,4.1317902767301815,9.242566941628812,12.139999389648438,10.960000038146973,12.25999927520752,11.25,9.857791435188904,8.899621082175694,9.955232448661823,9.135103725,9.461937172756606,0.02373477330629259,-151.40000915527344,12.225000381469727,0.0,0.0,0.0,0.0,0.0,,,,,
arenacam6_1769711865359523724.png,1769711865359523724,1769711865.3595238,42.302509498889656,-83.69692780942286,243.39361572265625,0.9830842063268881,-0.18210387825920948,-0.002723845279980642,-0.019395913499451772,0.019440000000000006,0.02355,0.22143000000000002,-0.639,-0.1221,-9.2209,3.8742215407108795,8.666401133277795,11.279999732971191,10.489999771118164,11.34000015258789,10.420000076293945,9.159463784770146,8.51797653194584,9.208184678702773,8.461136134351387,8.836690282442536,0.01964935000652743,-148.40000915527344,12.125,0.0,0.0,0.0,0.0,0.0,,,,,
arenacam6_1769711865481577383.png,1769711865481577383,1769711865.4815774,42.302508060173665,-83.69692251894149,243.3960418701172,0.9804521051884623,-0.19591801774589568,-0.0011836871420628278,-0.01812177250661304,-0.06035000000000001,0.04084000000000001,0.24536000000000005,-0.5782,-0.42860000000000004,-9.921100000000001,3.822833696293616,8.551449608587042,11.399999618530273,10.359999656677246,11.170000076293945,10.260000228881836,9.256904798243067,8.412415240418758,9.070143049351387,8.331214783054161,8.767669467766844,0.025284585547072847,-149.8000030517578,12.425000190734863,0.0,0.0,0.0,0.0,0.0,,,,,
arenacam6_1769711866205766938.png,1769711866205766938,1769711866.205767,42.302497802501364,-83.6968930994585,243.41256713867188,0.963447333855414,-0.2670374394598905,-0.005164677164962831,-0.020822269890225703,-0.037880000000000004,-0.032080000000000004,0.18295000000000003,0.0679,-0.2043,-10.1323,3.676881581518974,8.224963484963055,10.59999942779541,9.84999942779541,10.5,9.819999694824219,8.607297267364597,7.998290352364598,8.52609681,7.973930292594452,8.276403680580913,0.006254154892225452,-157.6999969482422,11.600000381469727,0.0,0.0,0.0,0.0,0.0,,,,,
